id,name,age,city
1,User_1,38,Delhi
2,User_2,42,Delhi
3,User_3,48,Mumbai
4,User_4,41,Delhi
5,User_5,52,Bangalore
6,User_6,43,Bangalore
7,User_7,21,Kolkata
8,User_8,23,Kolkata
9,User_9,58,Mumbai
10,User_10,46,Bangalore
11,User_11,49,Kolkata
12,User_12,59,Kolkata
13,User_13,25,Kolkata
14,User_14,27,Bangalore
15,User_15,53,Kolkata
16,User_16,22,Kolkata
17,User_17,35,Chennai
18,User_18,43,Kolkata
19,User_19,51,Chennai
20,User_20,51,Bangalore
21,User_21,38,Delhi
22,User_22,59,Mumbai
23,User_23,54,Mumbai
24,User_24,28,Kolkata
25,User_25,21,Chennai
26,User_26,41,Kolkata
27,User_27,28,Chennai
28,User_28,33,Mumbai
29,User_29,52,Mumbai
30,User_30,53,Delhi
31,User_31,27,Mumbai
32,User_32,50,Bangalore
33,User_33,55,Kolkata
34,User_34,32,Bangalore
35,User_35,57,Kolkata
36,User_36,39,Mumbai
37,User_37,42,Kolkata
38,User_38,23,Bangalore
39,User_39,50,Delhi
40,User_40,30,Mumbai
41,User_41,21,Delhi
42,User_42,33,Chennai
43,User_43,46,Bangalore
44,User_44,50,Delhi
45,User_45,24,Mumbai
46,User_46,44,Chennai
47,User_47,31,Chennai
48,User_48,42,Mumbai
49,User_49,23,Mumbai
50,User_50,58,Kolkata
51,User_51,31,Mumbai
52,User_52,23,Mumbai
53,User_53,58,Bangalore
54,User_54,39,Bangalore
55,User_55,27,Delhi
56,User_56,19,Delhi
57,User_57,35,Bangalore
58,User_58,59,Chennai
59,User_59,37,Chennai
60,User_60,29,Bangalore
61,User_61,46,Bangalore
62,User_62,58,Bangalore
63,User_63,41,Bangalore
64,User_64,32,Kolkata
65,User_65,59,Delhi
66,User_66,29,Kolkata
67,User_67,56,Kolkata
68,User_68,35,Bangalore
69,User_69,33,Chennai
70,User_70,28,Kolkata
71,User_71,59,Delhi
72,User_72,41,Kolkata
73,User_73,34,Delhi
74,User_74,57,Kolkata
75,User_75,51,Bangalore
76,User_76,28,Kolkata
77,User_77,36,Delhi
78,User_78,52,Bangalore
79,User_79,28,Delhi
80,User_80,39,Mumbai
81,User_81,35,Bangalore
82,User_82,39,Kolkata
83,User_83,23,Kolkata
84,User_84,55,Bangalore
85,User_85,35,Bangalore
86,User_86,25,Chennai
87,User_87,56,Bangalore
88,User_88,30,Kolkata
89,User_89,54,Chennai
90,User_90,44,Bangalore
91,User_91,40,Delhi
92,User_92,40,Kolkata
93,User_93,28,Kolkata
94,User_94,56,Mumbai
95,User_95,56,Delhi
96,User_96,43,Chennai
97,User_97,27,Mumbai
98,User_98,38,Chennai
99,User_99,41,Bangalore
100,User_100,41,Bangalore
101,User_101,21,Mumbai
102,User_102,36,Kolkata
103,User_103,26,Chennai
104,User_104,26,Bangalore
105,User_105,53,Delhi
106,User_106,39,Bangalore
107,User_107,21,Delhi
108,User_108,49,Kolkata
109,User_109,28,Chennai
110,User_110,27,Mumbai
111,User_111,28,Mumbai
112,User_112,43,Delhi
113,User_113,41,Bangalore
114,User_114,22,Mumbai
115,User_115,53,Delhi
116,User_116,27,Mumbai
117,User_117,47,Mumbai
118,User_118,30,Kolkata
119,User_119,44,Delhi
120,User_120,53,Kolkata
121,User_121,18,Chennai
122,User_122,33,Mumbai
123,User_123,59,Bangalore
124,User_124,33,Bangalore
125,User_125,45,Bangalore
126,User_126,32,Kolkata
127,User_127,41,Kolkata
128,User_128,35,Chennai
129,User_129,29,Mumbai
130,User_130,52,Kolkata
131,User_131,56,Delhi
132,User_132,18,Bangalore
133,User_133,42,Mumbai
134,User_134,54,Mumbai
135,User_135,53,Delhi
136,User_136,56,Mumbai
137,User_137,34,Delhi
138,User_138,58,Bangalore
139,User_139,53,Bangalore
140,User_140,55,Bangalore
141,User_141,39,Delhi
142,User_142,42,Delhi
143,User_143,20,Mumbai
144,User_144,48,Delhi
145,User_145,37,Mumbai
146,User_146,33,Kolkata
147,User_147,25,Mumbai
148,User_148,37,Mumbai
149,User_149,35,Kolkata
150,User_150,32,Chennai
151,User_151,30,Mumbai
152,User_152,18,Chennai
153,User_153,21,Bangalore
154,User_154,44,Kolkata
155,User_155,24,Delhi
156,User_156,58,Delhi
157,User_157,52,Delhi
158,User_158,22,Bangalore
159,User_159,31,Kolkata
160,User_160,31,Delhi
161,User_161,20,Kolkata
162,User_162,41,Kolkata
163,User_163,25,Delhi
164,User_164,25,Chennai
165,User_165,42,Delhi
166,User_166,33,Bangalore
167,User_167,57,Chennai
168,User_168,45,Delhi
169,User_169,48,Bangalore
170,User_170,40,Bangalore
171,User_171,20,Delhi
172,User_172,20,Delhi
173,User_173,48,Bangalore
174,User_174,29,Bangalore
175,User_175,50,Kolkata
176,User_176,51,Mumbai
177,User_177,51,Chennai
178,User_178,56,Mumbai
179,User_179,59,Chennai
180,User_180,32,Mumbai
181,User_181,37,Bangalore
182,User_182,20,Delhi
183,User_183,31,Delhi
184,User_184,24,Mumbai
185,User_185,40,Delhi
186,User_186,26,Chennai
187,User_187,29,Delhi
188,User_188,42,Delhi
189,User_189,21,Chennai
190,User_190,23,Kolkata
191,User_191,36,Bangalore
192,User_192,55,Bangalore
193,User_193,46,Mumbai
194,User_194,40,Delhi
195,User_195,43,Delhi
196,User_196,21,Kolkata
197,User_197,37,Bangalore
198,User_198,41,Mumbai
199,User_199,33,Kolkata
200,User_200,48,Kolkata
201,User_201,56,Bangalore
202,User_202,56,Chennai
203,User_203,23,Chennai
204,User_204,50,Bangalore
205,User_205,32,Bangalore
206,User_206,47,Mumbai
207,User_207,27,Mumbai
208,User_208,52,Bangalore
209,User_209,37,Chennai
210,User_210,34,Bangalore
211,User_211,52,Kolkata
212,User_212,46,Kolkata
213,User_213,46,Kolkata
214,User_214,31,Delhi
215,User_215,49,Mumbai
216,User_216,54,Mumbai
217,User_217,40,Kolkata
218,User_218,33,Chennai
219,User_219,36,Kolkata
220,User_220,51,Kolkata
221,User_221,37,Delhi
222,User_222,38,Mumbai
223,User_223,47,Mumbai
224,User_224,49,Kolkata
225,User_225,19,Kolkata
226,User_226,35,Delhi
227,User_227,18,Chennai
228,User_228,55,Chennai
229,User_229,19,Bangalore
230,User_230,52,Bangalore
231,User_231,54,Mumbai
232,User_232,55,Kolkata
233,User_233,33,Bangalore
234,User_234,48,Mumbai
235,User_235,23,Bangalore
236,User_236,49,Delhi
237,User_237,43,Bangalore
238,User_238,35,Kolkata
239,User_239,31,Kolkata
240,User_240,29,Bangalore
241,User_241,32,Bangalore
242,User_242,25,Delhi
243,User_243,41,Delhi
244,User_244,54,Kolkata
245,User_245,22,Bangalore
246,User_246,45,Bangalore
247,User_247,38,Chennai
248,User_248,35,Bangalore
249,User_249,39,Kolkata
250,User_250,46,Delhi
251,User_251,50,Kolkata
252,User_252,38,Delhi
253,User_253,38,Bangalore
254,User_254,56,Chennai
255,User_255,25,Bangalore
256,User_256,32,Delhi
257,User_257,48,Mumbai
258,User_258,22,Delhi
259,User_259,28,Chennai
260,User_260,22,Mumbai
261,User_261,39,Bangalore
262,User_262,50,Mumbai
263,User_263,23,Chennai
264,User_264,32,Kolkata
265,User_265,24,Delhi
266,User_266,28,Chennai
267,User_267,29,Chennai
268,User_268,52,Kolkata
269,User_269,22,Bangalore
270,User_270,50,Kolkata
271,User_271,55,Delhi
272,User_272,59,Chennai
273,User_273,18,Bangalore
274,User_274,44,Delhi
275,User_275,47,Delhi
276,User_276,44,Mumbai
277,User_277,30,Delhi
278,User_278,57,Chennai
279,User_279,36,Delhi
280,User_280,45,Bangalore
281,User_281,27,Mumbai
282,User_282,35,Mumbai
283,User_283,33,Bangalore
284,User_284,24,Mumbai
285,User_285,20,Chennai
286,User_286,43,Delhi
287,User_287,54,Bangalore
288,User_288,58,Chennai
289,User_289,48,Bangalore
290,User_290,32,Chennai
291,User_291,24,Delhi
292,User_292,47,Mumbai
293,User_293,26,Mumbai
294,User_294,32,Mumbai
295,User_295,49,Mumbai
296,User_296,43,Kolkata
297,User_297,46,Kolkata
298,User_298,22,Delhi
299,User_299,49,Mumbai
300,User_300,46,Bangalore
301,User_301,51,Kolkata
302,User_302,44,Bangalore
303,User_303,42,Chennai
304,User_304,50,Chennai
305,User_305,43,Delhi
306,User_306,33,Bangalore
307,User_307,24,Mumbai
308,User_308,57,Bangalore
309,User_309,47,Bangalore
310,User_310,58,Bangalore
311,User_311,37,Bangalore
312,User_312,53,Kolkata
313,User_313,24,Delhi
314,User_314,38,Bangalore
315,User_315,54,Bangalore
316,User_316,19,Mumbai
317,User_317,46,Bangalore
318,User_318,48,Kolkata
319,User_319,24,Mumbai
320,User_320,49,Delhi
321,User_321,32,Delhi
322,User_322,56,Kolkata
323,User_323,30,Bangalore
324,User_324,37,Bangalore
325,User_325,51,Kolkata
326,User_326,25,Bangalore
327,User_327,39,Bangalore
328,User_328,53,Mumbai
329,User_329,49,Delhi
330,User_330,44,Mumbai
331,User_331,26,Chennai
332,User_332,50,Mumbai
333,User_333,53,Delhi
334,User_334,56,Bangalore
335,User_335,57,Mumbai
336,User_336,34,Chennai
337,User_337,18,Mumbai
338,User_338,39,Kolkata
339,User_339,48,Mumbai
340,User_340,58,Mumbai
341,User_341,45,Chennai
342,User_342,41,Chennai
343,User_343,57,Chennai
344,User_344,21,Delhi
345,User_345,43,Delhi
346,User_346,47,Chennai
347,User_347,34,Bangalore
348,User_348,30,Delhi
349,User_349,25,Mumbai
350,User_350,31,Chennai
351,User_351,57,Delhi
352,User_352,46,Delhi
353,User_353,34,Chennai
354,User_354,45,Kolkata
355,User_355,30,Mumbai
356,User_356,43,Delhi
357,User_357,50,Bangalore
358,User_358,47,Kolkata
359,User_359,20,Kolkata
360,User_360,56,Chennai
361,User_361,44,Kolkata
362,User_362,46,Mumbai
363,User_363,31,Chennai
364,User_364,25,Chennai
365,User_365,33,Mumbai
366,User_366,59,Bangalore
367,User_367,30,Chennai
368,User_368,34,Bangalore
369,User_369,31,Bangalore
370,User_370,22,Mumbai
371,User_371,50,Chennai
372,User_372,57,Bangalore
373,User_373,56,Delhi
374,User_374,28,Chennai
375,User_375,24,Kolkata
376,User_376,18,Bangalore
377,User_377,53,Chennai
378,User_378,34,Mumbai
379,User_379,21,Mumbai
380,User_380,41,Kolkata
381,User_381,20,Bangalore
382,User_382,41,Kolkata
383,User_383,56,Kolkata
384,User_384,33,Bangalore
385,User_385,23,Bangalore
386,User_386,18,Delhi
387,User_387,52,Mumbai
388,User_388,38,Bangalore
389,User_389,32,Bangalore
390,User_390,50,Delhi
391,User_391,18,Bangalore
392,User_392,20,Kolkata
393,User_393,20,Chennai
394,User_394,37,Kolkata
395,User_395,19,Bangalore
396,User_396,45,Mumbai
397,User_397,43,Kolkata
398,User_398,36,Delhi
399,User_399,24,Mumbai
400,User_400,59,Mumbai
401,User_401,40,Kolkata
402,User_402,22,Mumbai
403,User_403,47,Bangalore
404,User_404,29,Mumbai
405,User_405,19,Mumbai
406,User_406,24,Chennai
407,User_407,57,Delhi
408,User_408,40,Bangalore
409,User_409,53,Delhi
410,User_410,35,Bangalore
411,User_411,37,Delhi
412,User_412,39,Mumbai
413,User_413,25,Bangalore
414,User_414,35,Delhi
415,User_415,50,Delhi
416,User_416,35,Kolkata
417,User_417,52,Chennai
418,User_418,59,Chennai
419,User_419,57,Kolkata
420,User_420,54,Chennai
421,User_421,58,Chennai
422,User_422,30,Bangalore
423,User_423,50,Mumbai
424,User_424,37,Bangalore
425,User_425,45,Mumbai
426,User_426,47,Bangalore
427,User_427,30,Chennai
428,User_428,24,Kolkata
429,User_429,53,Kolkata
430,User_430,24,Mumbai
431,User_431,43,Bangalore
432,User_432,31,Delhi
433,User_433,36,Chennai
434,User_434,27,Kolkata
435,User_435,23,Delhi
436,User_436,18,Bangalore
437,User_437,21,Chennai
438,User_438,34,Chennai
439,User_439,53,Bangalore
440,User_440,49,Bangalore
441,User_441,20,Chennai
442,User_442,43,Kolkata
443,User_443,45,Delhi
444,User_444,21,Delhi
445,User_445,40,Chennai
446,User_446,55,Bangalore
447,User_447,22,Mumbai
448,User_448,38,Bangalore
449,User_449,23,Mumbai
450,User_450,59,Mumbai
451,User_451,25,Bangalore
452,User_452,29,Bangalore
453,User_453,53,Chennai
454,User_454,25,Bangalore
455,User_455,38,Kolkata
456,User_456,48,Kolkata
457,User_457,26,Delhi
458,User_458,37,Kolkata
459,User_459,50,Delhi
460,User_460,57,Chennai
461,User_461,53,Mumbai
462,User_462,55,Kolkata
463,User_463,37,Mumbai
464,User_464,45,Bangalore
465,User_465,28,Mumbai
466,User_466,59,Kolkata
467,User_467,56,Bangalore
468,User_468,35,Bangalore
469,User_469,21,Bangalore
470,User_470,29,Mumbai
471,User_471,31,Delhi
472,User_472,55,Mumbai
473,User_473,24,Delhi
474,User_474,47,Mumbai
475,User_475,36,Chennai
476,User_476,55,Chennai
477,User_477,39,Bangalore
478,User_478,42,Mumbai
479,User_479,43,Delhi
480,User_480,51,Delhi
481,User_481,54,Delhi
482,User_482,59,Mumbai
483,User_483,47,Delhi
484,User_484,20,Chennai
485,User_485,28,Mumbai
486,User_486,53,Mumbai
487,User_487,41,Chennai
488,User_488,55,Mumbai
489,User_489,25,Bangalore
490,User_490,33,Delhi
491,User_491,33,Bangalore
492,User_492,53,Delhi
493,User_493,33,Chennai
494,User_494,48,Delhi
495,User_495,37,Kolkata
496,User_496,34,Chennai
497,User_497,21,Mumbai
498,User_498,49,Bangalore
499,User_499,24,Kolkata
500,User_500,37,Chennai
501,User_501,57,Delhi
502,User_502,33,Mumbai
503,User_503,55,Kolkata
504,User_504,25,Mumbai
505,User_505,19,Chennai
506,User_506,57,Kolkata
507,User_507,49,Kolkata
508,User_508,35,Kolkata
509,User_509,21,Bangalore
510,User_510,25,Mumbai
511,User_511,28,Delhi
512,User_512,18,Chennai
513,User_513,57,Kolkata
514,User_514,47,Kolkata
515,User_515,20,Mumbai
516,User_516,22,Kolkata
517,User_517,57,Bangalore
518,User_518,59,Chennai
519,User_519,37,Kolkata
520,User_520,40,Kolkata
521,User_521,25,Delhi
522,User_522,56,Bangalore
523,User_523,20,Kolkata
524,User_524,26,Bangalore
525,User_525,55,Kolkata
526,User_526,24,Kolkata
527,User_527,50,Mumbai
528,User_528,59,Delhi
529,User_529,28,Chennai
530,User_530,52,Delhi
531,User_531,56,Delhi
532,User_532,48,Delhi
533,User_533,51,Delhi
534,User_534,59,Chennai
535,User_535,52,Mumbai
536,User_536,25,Chennai
537,User_537,54,Kolkata
538,User_538,51,Chennai
539,User_539,24,Delhi
540,User_540,47,Chennai
541,User_541,42,Mumbai
542,User_542,42,Delhi
543,User_543,36,Mumbai
544,User_544,20,Chennai
545,User_545,46,Kolkata
546,User_546,58,Chennai
547,User_547,19,Mumbai
548,User_548,38,Chennai
549,User_549,58,Bangalore
550,User_550,34,Kolkata
551,User_551,24,Chennai
552,User_552,31,Chennai
553,User_553,48,Mumbai
554,User_554,22,Mumbai
555,User_555,32,Delhi
556,User_556,53,Mumbai
557,User_557,43,Delhi
558,User_558,58,Mumbai
559,User_559,27,Bangalore
560,User_560,33,Mumbai
561,User_561,51,Delhi
562,User_562,25,Chennai
563,User_563,52,Chennai
564,User_564,45,Delhi
565,User_565,29,Kolkata
566,User_566,26,Bangalore
567,User_567,49,Mumbai
568,User_568,26,Kolkata
569,User_569,58,Chennai
570,User_570,46,Bangalore
571,User_571,38,Mumbai
572,User_572,29,Bangalore
573,User_573,28,Bangalore
574,User_574,38,Delhi
575,User_575,47,Chennai
576,User_576,46,Kolkata
577,User_577,52,Chennai
578,User_578,54,Bangalore
579,User_579,28,Kolkata
580,User_580,54,Kolkata
581,User_581,18,Delhi
582,User_582,42,Delhi
583,User_583,53,Bangalore
584,User_584,27,Delhi
585,User_585,45,Mumbai
586,User_586,44,Chennai
587,User_587,28,Chennai
588,User_588,25,Delhi
589,User_589,55,Bangalore
590,User_590,59,Chennai
591,User_591,26,Kolkata
592,User_592,27,Delhi
593,User_593,51,Mumbai
594,User_594,48,Bangalore
595,User_595,34,Delhi
596,User_596,34,Chennai
597,User_597,54,Mumbai
598,User_598,50,Kolkata
599,User_599,36,Chennai
600,User_600,38,Bangalore
601,User_601,19,Chennai
602,User_602,34,Delhi
603,User_603,21,Bangalore
604,User_604,28,Bangalore
605,User_605,57,Delhi
606,User_606,40,Bangalore
607,User_607,48,Mumbai
608,User_608,48,Bangalore
609,User_609,32,Bangalore
610,User_610,58,Delhi
611,User_611,52,Delhi
612,User_612,22,Chennai
613,User_613,28,Kolkata
614,User_614,37,Kolkata
615,User_615,42,Delhi
616,User_616,48,Chennai
617,User_617,42,Kolkata
618,User_618,41,Delhi
619,User_619,58,Delhi
620,User_620,58,Mumbai
621,User_621,27,Delhi
622,User_622,42,Chennai
623,User_623,50,Bangalore
624,User_624,23,Chennai
625,User_625,59,Bangalore
626,User_626,25,Delhi
627,User_627,48,Kolkata
628,User_628,26,Chennai
629,User_629,32,Delhi
630,User_630,51,Delhi
631,User_631,37,Delhi
632,User_632,35,Delhi
633,User_633,23,Kolkata
634,User_634,18,Mumbai
635,User_635,35,Delhi
636,User_636,27,Mumbai
637,User_637,53,Chennai
638,User_638,23,Bangalore
639,User_639,37,Kolkata
640,User_640,22,Mumbai
641,User_641,25,Kolkata
642,User_642,55,Kolkata
643,User_643,21,Bangalore
644,User_644,45,Delhi
645,User_645,21,Delhi
646,User_646,50,Delhi
647,User_647,23,Mumbai
648,User_648,59,Delhi
649,User_649,38,Chennai
650,User_650,48,Delhi
651,User_651,56,Delhi
652,User_652,30,Delhi
653,User_653,21,Mumbai
654,User_654,44,Delhi
655,User_655,40,Bangalore
656,User_656,40,Kolkata
657,User_657,20,Chennai
658,User_658,59,Kolkata
659,User_659,32,Bangalore
660,User_660,30,Delhi
661,User_661,40,Bangalore
662,User_662,33,Mumbai
663,User_663,22,Delhi
664,User_664,43,Kolkata
665,User_665,38,Delhi
666,User_666,45,Chennai
667,User_667,27,Delhi
668,User_668,31,Mumbai
669,User_669,37,Delhi
670,User_670,32,Chennai
671,User_671,41,Mumbai
672,User_672,29,Chennai
673,User_673,47,Bangalore
674,User_674,35,Delhi
675,User_675,37,Kolkata
676,User_676,37,Delhi
677,User_677,31,Mumbai
678,User_678,46,Kolkata
679,User_679,43,Kolkata
680,User_680,44,Kolkata
681,User_681,29,Bangalore
682,User_682,19,Mumbai
683,User_683,50,Delhi
684,User_684,57,Delhi
685,User_685,57,Chennai
686,User_686,35,Delhi
687,User_687,39,Kolkata
688,User_688,31,Kolkata
689,User_689,26,Delhi
690,User_690,24,Delhi
691,User_691,47,Bangalore
692,User_692,49,Kolkata
693,User_693,37,Bangalore
694,User_694,45,Chennai
695,User_695,22,Delhi
696,User_696,37,Mumbai
697,User_697,44,Mumbai
698,User_698,56,Mumbai
699,User_699,55,Kolkata
700,User_700,53,Mumbai
701,User_701,31,Kolkata
702,User_702,31,Chennai
703,User_703,38,Delhi
704,User_704,20,Chennai
705,User_705,26,Bangalore
706,User_706,35,Chennai
707,User_707,34,Kolkata
708,User_708,19,Bangalore
709,User_709,55,Chennai
710,User_710,29,Kolkata
711,User_711,19,Mumbai
712,User_712,49,Chennai
713,User_713,50,Chennai
714,User_714,30,Mumbai
715,User_715,49,Kolkata
716,User_716,28,Bangalore
717,User_717,27,Mumbai
718,User_718,29,Mumbai
719,User_719,27,Bangalore
720,User_720,26,Kolkata
721,User_721,47,Mumbai
722,User_722,43,Delhi
723,User_723,58,Kolkata
724,User_724,27,Kolkata
725,User_725,52,Bangalore
726,User_726,51,Mumbai
727,User_727,34,Kolkata
728,User_728,48,Mumbai
729,User_729,27,Mumbai
730,User_730,33,Chennai
731,User_731,47,Chennai
732,User_732,46,Bangalore
733,User_733,47,Chennai
734,User_734,29,Bangalore
735,User_735,21,Delhi
736,User_736,21,Kolkata
737,User_737,47,Kolkata
738,User_738,36,Mumbai
739,User_739,22,Delhi
740,User_740,31,Chennai
741,User_741,19,Chennai
742,User_742,47,Kolkata
743,User_743,39,Kolkata
744,User_744,39,Delhi
745,User_745,47,Bangalore
746,User_746,50,Chennai
747,User_747,59,Mumbai
748,User_748,27,Bangalore
749,User_749,56,Chennai
750,User_750,27,Kolkata
751,User_751,19,Kolkata
752,User_752,39,Delhi
753,User_753,37,Bangalore
754,User_754,22,Kolkata
755,User_755,32,Delhi
756,User_756,44,Delhi
757,User_757,41,Mumbai
758,User_758,34,Mumbai
759,User_759,50,Delhi
760,User_760,40,Chennai
761,User_761,44,Chennai
762,User_762,33,Delhi
763,User_763,28,Mumbai
764,User_764,26,Chennai
765,User_765,56,Mumbai
766,User_766,57,Chennai
767,User_767,32,Kolkata
768,User_768,21,Kolkata
769,User_769,28,Delhi
770,User_770,29,Chennai
771,User_771,56,Chennai
772,User_772,44,Delhi
773,User_773,54,Chennai
774,User_774,24,Delhi
775,User_775,49,Delhi
776,User_776,54,Kolkata
777,User_777,46,Bangalore
778,User_778,44,Mumbai
779,User_779,38,Chennai
780,User_780,35,Chennai
781,User_781,25,Kolkata
782,User_782,20,Bangalore
783,User_783,22,Chennai
784,User_784,36,Mumbai
785,User_785,26,Chennai
786,User_786,28,Kolkata
787,User_787,25,Delhi
788,User_788,39,Mumbai
789,User_789,52,Kolkata
790,User_790,25,Mumbai
791,User_791,33,Delhi
792,User_792,22,Delhi
793,User_793,35,Mumbai
794,User_794,32,Chennai
795,User_795,51,Bangalore
796,User_796,44,Chennai
797,User_797,52,Bangalore
798,User_798,44,Mumbai
799,User_799,24,Kolkata
800,User_800,45,Kolkata
801,User_801,48,Kolkata
802,User_802,53,Mumbai
803,User_803,42,Mumbai
804,User_804,21,Delhi
805,User_805,21,Mumbai
806,User_806,42,Chennai
807,User_807,38,Bangalore
808,User_808,54,Bangalore
809,User_809,43,Bangalore
810,User_810,55,Delhi
811,User_811,56,Delhi
812,User_812,18,Bangalore
813,User_813,48,Chennai
814,User_814,45,Bangalore
815,User_815,49,Kolkata
816,User_816,28,Delhi
817,User_817,32,Kolkata
818,User_818,19,Delhi
819,User_819,34,Chennai
820,User_820,57,Mumbai
821,User_821,21,Delhi
822,User_822,30,Delhi
823,User_823,34,Chennai
824,User_824,47,Bangalore
825,User_825,36,Mumbai
826,User_826,58,Chennai
827,User_827,40,Chennai
828,User_828,20,Bangalore
829,User_829,54,Kolkata
830,User_830,31,Mumbai
831,User_831,24,Mumbai
832,User_832,50,Bangalore
833,User_833,43,Kolkata
834,User_834,32,Kolkata
835,User_835,46,Kolkata
836,User_836,39,Chennai
837,User_837,26,Kolkata
838,User_838,47,Bangalore
839,User_839,18,Chennai
840,User_840,50,Bangalore
841,User_841,39,Kolkata
842,User_842,49,Kolkata
843,User_843,45,Delhi
844,User_844,32,Kolkata
845,User_845,38,Delhi
846,User_846,50,Delhi
847,User_847,42,Delhi
848,User_848,44,Bangalore
849,User_849,18,Delhi
850,User_850,50,Chennai
851,User_851,38,Delhi
852,User_852,25,Chennai
853,User_853,45,Kolkata
854,User_854,21,Kolkata
855,User_855,27,Mumbai
856,User_856,26,Mumbai
857,User_857,29,Mumbai
858,User_858,48,Delhi
859,User_859,32,Kolkata
860,User_860,45,Bangalore
861,User_861,42,Delhi
862,User_862,23,Chennai
863,User_863,23,Chennai
864,User_864,46,Chennai
865,User_865,28,Delhi
866,User_866,38,Chennai
867,User_867,58,Kolkata
868,User_868,36,Mumbai
869,User_869,40,Delhi
870,User_870,31,Chennai
871,User_871,23,Kolkata
872,User_872,38,Chennai
873,User_873,53,Bangalore
874,User_874,43,Mumbai
875,User_875,47,Kolkata
876,User_876,26,Kolkata
877,User_877,24,Chennai
878,User_878,58,Chennai
879,User_879,22,Kolkata
880,User_880,46,Delhi
881,User_881,37,Kolkata
882,User_882,52,Chennai
883,User_883,47,Chennai
884,User_884,37,Delhi
885,User_885,46,Chennai
886,User_886,55,Mumbai
887,User_887,47,Mumbai
888,User_888,34,Delhi
889,User_889,30,Chennai
890,User_890,59,Delhi
891,User_891,21,Chennai
892,User_892,30,Chennai
893,User_893,40,Mumbai
894,User_894,28,Kolkata
895,User_895,33,Bangalore
896,User_896,26,Kolkata
897,User_897,50,Mumbai
898,User_898,37,Bangalore
899,User_899,47,Mumbai
900,User_900,40,Bangalore
901,User_901,32,Kolkata
902,User_902,18,Bangalore
903,User_903,20,Mumbai
904,User_904,36,Chennai
905,User_905,42,Bangalore
906,User_906,57,Mumbai
907,User_907,21,Mumbai
908,User_908,28,Delhi
909,User_909,53,Delhi
910,User_910,21,Delhi
911,User_911,29,Delhi
912,User_912,35,Mumbai
913,User_913,50,Kolkata
914,User_914,55,Bangalore
915,User_915,50,Bangalore
916,User_916,35,Chennai
917,User_917,48,Chennai
918,User_918,54,Chennai
919,User_919,28,Kolkata
920,User_920,45,Delhi
921,User_921,20,Kolkata
922,User_922,46,Bangalore
923,User_923,56,Chennai
924,User_924,34,Kolkata
925,User_925,20,Bangalore
926,User_926,55,Mumbai
927,User_927,21,Kolkata
928,User_928,31,Chennai
929,User_929,57,Mumbai
930,User_930,28,Bangalore
931,User_931,49,Bangalore
932,User_932,26,Mumbai
933,User_933,27,Chennai
934,User_934,56,Delhi
935,User_935,35,Chennai
936,User_936,30,Chennai
937,User_937,49,Mumbai
938,User_938,57,Mumbai
939,User_939,24,Chennai
940,User_940,22,Mumbai
941,User_941,46,Mumbai
942,User_942,57,Mumbai
943,User_943,45,Mumbai
944,User_944,41,Bangalore
945,User_945,28,Mumbai
946,User_946,50,Chennai
947,User_947,35,Kolkata
948,User_948,22,Bangalore
949,User_949,39,Kolkata
950,User_950,29,Chennai
951,User_951,32,Delhi
952,User_952,51,Mumbai
953,User_953,37,Bangalore
954,User_954,48,Chennai
955,User_955,30,Bangalore
956,User_956,40,Kolkata
957,User_957,58,Mumbai
958,User_958,44,Mumbai
959,User_959,27,Chennai
960,User_960,21,Mumbai
961,User_961,41,Delhi
962,User_962,55,Delhi
963,User_963,18,Kolkata
964,User_964,45,Mumbai
965,User_965,38,Bangalore
966,User_966,50,Mumbai
967,User_967,44,Delhi
968,User_968,55,Mumbai
969,User_969,44,Chennai
970,User_970,43,Bangalore
971,User_971,47,Mumbai
972,User_972,31,Chennai
973,User_973,51,Chennai
974,User_974,34,Chennai
975,User_975,37,Mumbai
976,User_976,27,Kolkata
977,User_977,20,Kolkata
978,User_978,33,Kolkata
979,User_979,21,Mumbai
980,User_980,49,Bangalore
981,User_981,32,Chennai
982,User_982,45,Chennai
983,User_983,43,Chennai
984,User_984,45,Bangalore
985,User_985,26,Delhi
986,User_986,54,Chennai
987,User_987,38,Kolkata
988,User_988,55,Mumbai
989,User_989,47,Delhi
990,User_990,40,Chennai
991,User_991,47,Mumbai
992,User_992,22,Chennai
993,User_993,54,Mumbai
994,User_994,36,Chennai
995,User_995,25,Delhi
996,User_996,42,Chennai
997,User_997,46,Chennai
998,User_998,46,Bangalore
999,User_999,32,Kolkata
1000,User_1000,58,Chennai
